{
    "Mean Absolute Error": 1.0994852781295776,
    "Mean Squared Error": 1.3920869827270508,
    "Root Mean Squared Error": 1.1798673868179321,
    "Magnitude-Aware Loss": 6.525289535522461
}