{
    "Mean Absolute Error": 0.3169139325618744,
    "Mean Squared Error": 0.18628594279289246,
    "Root Mean Squared Error": 0.43160855770111084,
    "Magnitude-Aware Loss": 0.8134421110153198
}