{
    "Mean Absolute Error": 2.179638385772705,
    "Mean Squared Error": 4.934058666229248,
    "Root Mean Squared Error": 2.2212741374969482,
    "Magnitude-Aware Loss": 22.651277542114258
}