{
    "Mean Absolute Error": 1.0669217109680176,
    "Mean Squared Error": 1.3244149684906006,
    "Root Mean Squared Error": 1.1508322954177856,
    "Magnitude-Aware Loss": 5.49928092956543
}